"(M, N)",RMSE,[Coefficients],[Predicted Values]
"(0, 1)",653.5740062682895,[0.15786320009741714],"[1838.3229593711692, 1759.3913593224606, 1743.6050393127189, 1775.1776793322024, 1775.1776793322024, 1854.109279380911, 1838.3229593711692, 1838.3229593711692, 1885.6819194003945, 2154.0493595660037, 1759.3913593224606, 1822.5366393614274, 1743.6050393127189, 1743.6050393127189, 1775.1776793322024, 1775.1776793322024, 1917.2545594198778, 1759.3913593224606, 1743.6050393127189, 1822.5366393614274, 1790.9639993419441, 1743.6050393127189, 1759.3913593224606, 1759.3913593224606]"
"(0, 2)",644.8962142772208,"[0.16641773678758084, 0.04576509162252415]","[1795.4345932155602, 1707.6492156595175, 1700.1604603052642, 1733.4440076627802, 1756.3265534740424, 1834.9589127055804, 1818.3171390268224, 1832.0466665135796, 1959.7726433081448, 2128.270066790722, 1730.5317614707794, 1774.2163103745497, 1691.0074419807593, 1700.1604603052642, 1733.4440076627802, 1774.632590123052, 1878.6434616093507, 1707.6492156595175, 1713.8899877920214, 1787.945837861307, 1740.9327630170335, 1695.5839511430117, 1712.2257248217697]"
"(0, 3)",642.5807607468793,"[0.1532887297608325, 0.09885463088227534, 0.02268332135642504]","[1740.9175118331268, 1658.9243481357682, 1663.36640133614, 1705.365807966519, 1752.5247912720142, 1819.283693064203, 1810.7598164950473, 1878.9778520656523, 2036.3090401027075, 2058.8366320330047, 1703.8149993056209, 1715.7031757688162, 1643.5954751596848, 1663.36640133614, 1714.439136509089, 1780.7249829467119, 1817.5618767135431, 1665.7293445426958, 1695.291122736465, 1745.3595650334987, 1687.3137619522922, 1651.21260611227]"
"(0, 4)",645.632984884785,"[0.11060958987853507, 0.11262523746988559, 0.07738953589438767, 0.02875388891514016]","[1676.6620076078236, 1625.572596100445, 1651.4136290641386, 1709.3549260955256, 1757.9285912410296, 1810.5970291078506, 1871.6345420440516, 1965.099602017626, 2007.7730985100789, 1930.8251775290596, 1660.6565298734822, 1654.3385248729815, 1614.5116371125914, 1662.9151846301947, 1725.9337959957106, 1747.0315849327058, 1740.5929692216332, 1651.6648457602753, 1672.8124316539452, 1685.2507072224332, 1637.0801715951993]"
"(0, 5)",628.1544735635603,"[0.19568744636614066, 0.05788736338964262, 0.11709090737867663, 0.0863781212347865, 0.018955713206567068]","[1616.4642836428716, 1545.727862199856, 1579.0300795379069, 1668.0752103769946, 1690.9965152959185, 1841.1896509616245, 1956.2017016213326, 1964.2594353776365, 1853.7203104938105, 2045.3178631762207, 1524.499881568701, 1591.1068026672933, 1533.7414028458686, 1604.103471428538, 1660.3490847871317, 1596.1968489389385, 1742.1170145170345, 1576.2239472923407, 1538.1628378250332, 1597.9396282400508]"
"(0, 6)",609.9468606927945,"[0.19389353581599114, 0.13744693584431955, 0.06304897420048963, 0.12336221165161858, 0.07230408076318826, 0.026227124830470815]","[1542.1413122063552, 1477.5889734525726, 1540.1397047893279, 1605.9748153367502, 1734.670722279618, 1912.23058531991, 1951.2023318304273, 1807.022209485549, 1954.4204699435186, 1909.2060500403854, 1462.3873138905283, 1519.4981149725124, 1474.0076897610134, 1537.5962741700987, 1515.6400008010355, 1594.8636631107715, 1664.9681643048257, 1445.1134679284141, 1452.0595320097102]"
"(0, 7)",599.1441278116557,"[0.1773811994593765, 0.14841972080750374, 0.13005886988853818, 0.06985458683443105, 0.10235551204348345, 0.07140470433824088, 0.03975685880056001]","[1482.0188914684034, 1448.53537922359, 1497.1000032921884, 1679.628290707314, 1793.5347681088665, 1899.7351249566773, 1792.5621358221415, 1888.791516437103, 1853.8876773984694, 1815.7636098664982, 1422.90133992599, 1458.1222517767317, 1412.1829966455894, 1415.1185158810504, 1515.3085810428393, 1536.8117587115369, 1532.0396960157207, 1367.3088588737558]"
"(1, 0)",273.7691693966839,[1.0100150585140086],"[2314.01688999992, 2161.504616164304, 2125.1440740578, 1919.1010021209422, 2032.2226886745111, 2013.032402562745, 1937.2812731741942, 1835.2697522642795, 1598.9262285720015, 1643.366891146618, 1452.4740450874701, 1345.4124488849852, 1241.3808978580423, 1182.8000244642299, 1201.9903105759959, 1133.3092865970434, 1070.688352969175, 1021.1976151019885, 1024.2276602775305, 1033.3177958041565, 1146.4394823577254, 1208.05040092708, 1168.6598136450339]"
"(1, 1)",249.45948182600517,"[0.05028235969530573, 0.9846921318856617]","[2255.9467225819935, 2102.229974697728, 2076.837529888905, 1875.9603349842303, 2011.3870336030773, 1987.649647127719, 1913.7977372362943, 1829.4285398244342, 1684.4905924452091, 1602.111147009914, 1436.1172779616463, 1306.598732134113, 1205.17544254989, 1158.1197708395828, 1176.8289213454104, 1155.1239801029606, 1043.7907082307438, 990.5125577988158, 1018.6078140421256, 1017.4135712900354, 1112.614382152638, 1177.7088381671938, 1139.305845023653]"
"(1, 2)",248.92390435729124,"[0.08861331676261688, -0.00734757615977967, 0.9694575194833098]","[2267.8573067528446, 2077.897320545534, 2032.6660029359175, 1852.6193323138455, 1957.5247864160865, 1984.1465095431902, 1902.57586390568, 1802.4563815899319, 1589.696437587997, 1801.3641473411606, 1393.664353788361, 1330.0209715080666, 1185.8601886199774, 1128.1621372579893, 1164.3044934806958, 1091.768563612029, 1118.7617586501985, 983.3797810488775, 973.7530338511758, 1028.2543251397901, 1121.3151768173311, 1153.1333328610501, 1124.1858212774628]"
"(1, 3)",237.8764701520169,"[0.06984280372753505, 0.057437748589119916, -0.016742847131800097, 0.9595695767738729]","[2088.4910293999874, 2009.932778487088, 1818.6838541702884, 1931.7527839485692, 1943.9141209976056, 1901.1240297444208, 1792.2003679779662, 1556.4295714655555, 1759.1047643928705, 1546.1873703938984, 1301.2125089385781, 1201.5950897273233, 1107.6700829843112, 1137.389454660839, 1071.0387217671023, 1079.9822288691303, 1040.0583790860521, 958.9790856640267, 992.698375203158, 1128.6268740873152, 1154.2864482350985, 1101.6541684815688]"
"(1, 4)",228.91374642854186,"[0.04475023913958559, 0.05194049276541701, 0.04909050967181301, -0.013299890395699222, 0.9550679978393547]","[2014.8674872535971, 1802.2825487823968, 1908.51329398168, 1925.1922937261256, 1874.6233893037013, 1791.3526246964677, 1555.5090285169554, 1729.8177606828422, 1522.9875881964767, 1394.2607041158328, 1180.2440447596757, 1114.1199720789791, 1119.7092464024963, 1053.1828197463747, 1060.4000008085825, 1012.5875917710864, 992.2285220597836, 978.0850785392568, 1100.7197819503617, 1154.908808894158, 1098.038012288062]"
"(1, 5)",213.79249659489625,"[0.02675579774786918, 0.03249737363695904, 0.052246555420967705, 0.05251970056816684, -0.014252865979670008, 0.9521380732086662]","[1799.7280300865812, 1893.06273614268, 1906.4811445863704, 1861.2932562989618, 1771.875482387368, 1550.72937277179, 1730.5374907595333, 1512.1513534175429, 1372.014916829298, 1232.8248892520892, 1094.7364851846792, 1117.7846809699454, 1037.283124820312, 1046.2706354997867, 1000.894515370807, 968.3736073960767, 992.4114623289986, 1088.9405888075557, 1132.9636104643662, 1092.2866531862974]"
"(1, 6)",219.31129479544077,"[-0.0030147066497688557, 0.019331368077415534, 0.03192552098289242, 0.05290468338975186, 0.05359599314267676, -0.014973551480687193, 0.9532938593284808]","[1895.440603823268, 1911.5826929291554, 1865.3461401405877, 1774.6407457267221, 1548.6668750099109, 1731.5897867489323, 1511.2549326093053, 1366.9420441376628, 1215.2617646908361, 1089.840455753782, 1117.9787910735008, 1039.3879822858808, 1051.386165838074, 1004.0566174026303, 969.295468090902, 987.8500616401404, 1089.6070262349804, 1136.645192218669, 1092.5369765093064]"
"(1, 7)",223.17192482520264,"[0.008288019736635899, -0.005534188003870573, 0.019034025827450125, 0.03236339450178921, 0.05209923029390007, 0.05361139303924318, -0.014368543551550178, 0.9516461396819788]","[1911.3473026457168, 1860.8785321101532, 1769.487843583875, 1546.3978181833031, 1726.2902478783888, 1509.6283659786386, 1367.0338048566841, 1212.83734931841, 1087.1571289060962, 1135.3177008099453, 1035.6431827170925, 1051.8149001406264, 999.5618031738034, 965.792317670086, 985.2514478180085, 1084.222580585844, 1141.6045772157293, 1089.5314810610048]"
"(2, 0)",260.57309241304637,"[-0.16863767009719322, 1.1714226834755084]","[2131.8675652663132, 2115.160636845871, 1882.2613655403663, 2047.8627907894506, 2006.7183407525301, 1922.0657552237137, 1816.3998894499769, 1559.3193861965246, 1650.3231990721902, 1421.5042544110424, 1329.2059696110082, 1226.4250262433334, 1175.8521906217647, 1207.8902064734366, 1125.0293482652553, 1063.868503456383, 1016.9243275121089, 1028.7018413972978, 1038.7387325382858, 1168.4203340566683, 1220.9896986977885, 1165.017316166315]"
"(2, 1)",240.6003695624289,"[0.047776608092238285, -0.1247971029303494, 1.105471544837218]","[2083.0521657278523, 2071.6548742746427, 1850.631374833343, 2023.7911008990218, 1984.0322052096917, 1903.492984302577, 1815.5331234214657, 1650.6775230823268, 1609.0792729102707, 1413.7647216439964, 1296.283086298968, 1195.6480100913518, 1153.9400837110666, 1182.182275032934, 1147.638012311341, 1039.808371438459, 988.6000253138932, 1021.9198020381111, 1021.9393330144073, 1130.2959896821312, 1188.5301391982262, 1137.8041256708234]"
"(2, 2)",240.70108585724614,"[0.08982307523288524, -0.010966752190137851, -0.15103255373840158, 1.1150167306201548]","[2054.9704652200135, 2026.4601205708707, 1822.3984945055188, 1972.607633202541, 1980.5148821375135, 1890.7759383387431, 1786.196664419446, 1548.8404812285396, 1813.3589433218617, 1367.0309599118948, 1318.7969453109392, 1175.0481351368912, 1123.7401673579502, 1171.6499884031373, 1083.089155228813, 1116.0358514843094, 982.0376500018313, 978.3176117085159, 1035.0045526773524, 1143.8525441336283, 1166.9093208938775, 1123.1929901449375]"
"(2, 3)",233.46237371183756,"[0.07344164906251288, 0.058069892600496595, -0.021855901030329028, -0.17862831286874487, 1.130719948632566]","[2062.242402640347, 2001.6103657353833, 1781.6439290914625, 1948.485118460872, 1938.2156047988349, 1887.719381867105, 1773.0128553050222, 1506.7317829533345, 1773.6735506198743, 1523.0415460549934, 1287.4977675312152, 1190.3099273109046, 1102.0348817783743, 1145.4929814688794, 1060.2281059025654, 1076.3889987331968, 1042.2718583068613, 964.2402166456004, 999.9427728447499, 1156.6393685960345, 1171.3120267256372, 1100.0921161852693]"
"(2, 4)",224.98616094418986,"[0.05300199827311309, 0.053476144966961535, 0.04827248480953551, -0.018988064085789173, -0.21314238189615836, 1.1582784084453241]","[2005.9516348794618, 1755.141848633532, 1924.2510734094108, 1915.0072853445492, 1854.0969339697042, 1768.553458773062, 1495.945528438076, 1742.361323654143, 1492.6020479221597, 1395.3245074189267, 1163.3641437292852, 1108.8027753833674, 1126.3258211191562, 1037.1191554050292, 1052.8332761193515, 1011.0473138524014, 1004.8704987456413, 984.239819728077, 1129.528514956887, 1175.7367693914066, 1095.746231502616]"
"(2, 5)",209.6574342757551,"[0.0286449658562181, 0.04040763617434459, 0.053872470155069484, 0.05177737334278333, -0.020101899199915594, -0.21617506661802371, 1.1578787096119636]","[1751.7655318861136, 1907.9079588382428, 1894.8125631350274, 1839.5664770943724, 1747.6198587316067, 1490.1516250844807, 1743.2567810394444, 1481.127299070587, 1372.6164382451739, 1219.6071411269977, 1088.310232742835, 1124.4577250131792, 1019.9749483168041, 1037.6694352941774, 998.7832655415232, 980.1151954022466, 999.7822311810198, 1117.4446717532978, 1152.8850911261188, 1089.7980943685504]"
"(2, 6)",216.44525713041784,"[-0.006952520139342909, 0.02324023972770324, 0.03893865201317859, 0.0540530316923762, 0.05305762412273053, -0.020297379882126543, -0.1932921448925946, 1.1380857343105812]","[1908.8129308043563, 1903.0390981735993, 1848.419272246655, 1754.5538287930756, 1496.9022696982897, 1743.5654400920516, 1483.4663711673281, 1368.7684394150365, 1207.202998217593, 1075.6727019780337, 1126.3268703911003, 1023.4063262299942, 1045.3021086203257, 1003.7879109566095, 980.820281997558, 997.6437257819828, 1112.4825306525847, 1155.5972308272144, 1093.038560730364]"
"(2, 7)",219.52078743737314,"[0.013248956500881138, -0.0102808433361414, 0.023004625702933677, 0.03970124764857633, 0.05273299661442615, 0.05304686355474869, -0.01932513522876292, -0.19688038838676952, 1.1388456231761594]","[1902.1673084943438, 1840.5609573109791, 1745.702297776095, 1492.3406497442504, 1735.3913889074495, 1480.3486471829128, 1368.9588390949266, 1203.8673195178799, 1072.7276161054544, 1153.9706790319206, 1017.2053854554654, 1045.432389455019, 996.1573318106242, 975.1957113433124, 993.6225467326619, 1104.7284897274844, 1163.5093627706551, 1087.9106583008236]"
"(3, 0)",250.1800333495902,"[-0.11503065738033608, -0.012897352432040543, 1.1239758234366684]","[2095.3300448925315, 1883.8729108634352, 2016.5303666501707, 2017.1965766380738, 1920.2600059499348, 1809.8913317054607, 1556.8109209204417, 1620.9019340161665, 1434.820193706625, 1313.055007107259, 1220.393410895962, 1168.724490119451, 1202.6762349159808, 1132.672607354138, 1061.677543776217, 1015.2244489804696, 1026.3602474775303, 1042.0738400428008, 1167.4979641236782, 1233.5807099645035, 1176.0754807255212]"
"(3, 1)",231.13768519237786,"[0.04937107283702859, -0.14476540776890173, 0.07191047540908196, 1.0441933905791416]","[2045.6476073859346, 1851.902955166167, 1984.0799690257732, 1996.8893037517396, 1900.9947747554143, 1807.6998212499577, 1650.8838392437376, 1571.194921275582, 1430.6299659268584, 1275.299172312807, 1187.4854047581152, 1144.7347569282988, 1175.3144607757727, 1158.5059684530856, 1036.7544503247234, 986.0374651555649, 1019.3074237324436, 1026.1401860871536, 1128.491422036284, 1203.8754107212114, 1151.324681818462]"
"(3, 2)",235.42865909839605,"[0.08740388647805125, -0.00895110180703082, -0.031707120482311696, -0.10514005646363139, 1.0995176582282549]","[2020.826272620875, 1822.578264863441, 1963.8387195374341, 1982.2375037052911, 1889.479754269157, 1784.2310797699301, 1550.9454203549817, 1798.0937512284922, 1370.9880606138727, 1312.3526517068183, 1172.5378814265841, 1121.1660174748185, 1168.9015869613343, 1085.9197464906504, 1111.9113398681384, 980.200966011148, 977.4012836711336, 1034.027334929862, 1141.3364840283061, 1169.2297346478435, 1125.1241936864462]"
"(3, 3)",228.7007241277588,"[0.07173423698418649, 0.0573778635794316, -0.02041477369522974, -0.017883434249478386, -0.15188156263853209, 1.1214314078973526]","[1998.9327509856596, 1782.6310276187257, 1943.9984482636935, 1940.0591462442603, 1886.9639278402997, 1772.1324022843094, 1508.9069920234706, 1765.6960599059319, 1521.5850931180607, 1284.4550479315683, 1188.4317906349356, 1100.9781407279634, 1144.4120345546305, 1062.2797393850788, 1074.7940040208412, 1039.7010225222837, 963.936876048987, 1000.048865140715, 1154.7445763434991, 1172.378522461287, 1101.5924928590853]"
"(3, 4)",224.0692722375017,"[0.05316337488008475, 0.05320583474199742, 0.047148620439177856, -0.01791954051202764, -0.02524793953833243, -0.17911648275008563, 1.1480245997035796]","[2002.4259711937066, 1756.0170382770611, 1918.4095409526367, 1917.6855464028874, 1854.0472006961584, 1767.8954049958159, 1497.6070386616097, 1733.4966763547295, 1495.9064838443842, 1392.14035104872, 1162.4516115005035, 1108.0699885106474, 1125.719786324762, 1040.2288613534647, 1051.7375200309248, 1010.834981344384, 1005.5877053997729, 985.2939863539431, 1129.417667306141, 1179.1628706728916, 1098.7564732537053]"
"(3, 5)",208.37481702797186,"[0.030109524046554273, 0.0403095263683918, 0.05357647437409095, 0.05035438642885499, -0.01876689164358697, -0.033133073841475236, -0.1716731143657424, 1.144270868597683]","[1752.7665350629934, 1899.3851127277467, 1897.2805597268975, 1838.785832838246, 1745.8865353440099, 1492.177526702199, 1731.6250700856626, 1485.337539784413, 1368.1762575774994, 1221.4416306841172, 1086.5767418275275, 1123.6475592899653, 1023.2673997074922, 1035.514593931553, 998.1051379636593, 980.287398644328, 1002.056307116085, 1116.7771378591665, 1156.4975851817958, 1093.6434101401878]"
"(3, 6)",214.62010850014292,"[-0.0057714195023486955, 0.024704104765064603, 0.03882614764769067, 0.05373894298168301, 0.0512030730190908, -0.018553307729065063, -0.04161912766548009, -0.13672943871033993, 1.12009603034504]","[1897.9575015705518, 1905.489677988854, 1846.6861198421188, 1751.9207954126773, 1499.039168580673, 1728.7156705902287, 1488.892485099534, 1362.9991362304877, 1209.0828045508265, 1075.9906454662878, 1124.6272790794578, 1027.665990541803, 1042.0138877940287, 1002.3946355787589, 980.6883969161877, 999.7442605268282, 1112.2534457178785, 1159.6410758590957, 1097.118081826408]"
"(3, 7)",218.13115743724168,"[0.012542605732208438, -0.00881413375266266, 0.02439165241462838, 0.03954651696993856, 0.052505271711899885, 0.05136566098799138, -0.017777918994122496, -0.03756133542714188, -0.14584395782310822, 1.1227524919933676]","[1904.317242330809, 1839.2794818113443, 1743.705710621652, 1494.465899055525, 1722.4599602726491, 1485.3822708065914, 1363.7466745376391, 1205.9362745322887, 1073.6300696444969, 1150.904432899998, 1021.3877189093535, 1042.3212146111373, 995.176741766493, 975.3183971869402, 995.72852164864, 1105.0853759927777, 1166.6487303263075, 1091.7683471851303]"
"(4, 0)",235.3778496011813,"[0.0946887625236445, -0.2223593831663812, -0.020485586640508147, 1.1529244541183359]","[1889.6153376628336, 2016.6288708516702, 2034.3814392347754, 1904.0805728526118, 1804.0015916675072, 1551.1641809040375, 1622.0431246696542, 1445.7075676751515, 1295.4283681238103, 1225.0408505030018, 1165.9551660867785, 1201.9149023788073, 1126.2707150363055, 1046.4656422659905, 1008.1619749291668, 1019.9719879416145, 1035.3117577674448, 1158.9480988357761, 1225.2649366723313, 1154.9992101247233]"
"(4, 1)",218.78568697715542,"[0.049543621824785326, 0.10334882499517728, -0.2631382810731108, 0.06599524000188814, 1.0743897914408467]","[1858.630074150776, 1984.1378182885185, 2016.1211685879632, 1883.7333768906597, 1801.708147242277, 1645.6313173126382, 1572.4283319273761, 1443.2260270816482, 1256.3340885000807, 1192.9569279640791, 1142.1132645749337, 1174.847214193242, 1152.2489689053443, 1020.6116445009886, 978.7775084456714, 1012.8255752991549, 1019.2704934000526, 1119.4795133860257, 1195.304921671935, 1128.8880813906253]"
"(4, 2)",225.0914992102455,"[0.08730958513379072, -0.008958470059499827, 0.01824491677997471, -0.042912464817935786, -0.1241312851003554, 1.1146774248539535]","[1818.9065447132793, 1963.3838297273142, 1980.9502201154744, 1882.448790072232, 1779.3474430375575, 1544.8854432983812, 1796.7662307697458, 1366.9718502422757, 1305.5224661964867, 1169.1270472791805, 1116.570016990374, 1164.8964423227476, 1079.2869564933253, 1104.2814382143365, 974.2093469713132, 971.8455371503371, 1027.9232526332376, 1135.8528283253963, 1162.5252473311389, 1115.569786075503]"
"(4, 3)",219.8793687575924,"[0.0732780457237551, 0.05378931092386821, -0.01854262537295095, 0.09523876426088451, -0.13013459674866218, -0.15300885138482695, 1.1482111445314895]","[1788.7877086043645, 1944.28925101223, 1957.2040281335953, 1871.2516694944657, 1767.0067145018302, 1506.3440890496659, 1758.451943305229, 1538.2223782482156, 1265.0107994922569, 1194.166497092849, 1098.7767552762432, 1143.5336970408935, 1058.253631238087, 1056.4257417103793, 1034.323826278868, 958.9297129563784, 992.5517545236657, 1146.161168098689, 1165.5328965228473, 1081.096713369403]"
"(4, 4)",214.76652306158647,"[0.04926736832526772, 0.05727092842665257, 0.04307859602644835, -0.01585452803756026, 0.1141180542827833, -0.16259467018611085, -0.17252982468938166, 1.1749579555656182]","[1766.5859668535884, 1920.599108877595, 1940.9908546024574, 1838.9839930802837, 1763.273730141768, 1496.8295823771816, 1726.8141308838315, 1521.7794818783302, 1361.7201927799908, 1172.9399243716916, 1106.1302351814425, 1127.0939384870235, 1038.7801725706572, 1032.4353996489467, 1008.8346819222965, 997.968938503746, 978.6335325561586, 1122.4458530736665, 1172.3444169947447, 1076.0863042589294]"
"(4, 5)",208.143403034381,"[0.029128032569348025, 0.04241466247806934, 0.05800529461349688, 0.043804034655733806, -0.016473799868640525, 0.11033638407801016, -0.17594108387973545, -0.1516338185801316, 1.1641464755517754]","[1763.852117821702, 1899.4015835536368, 1921.339210675246, 1825.1430941704857, 1745.1020539608112, 1494.5642850086851, 1720.9040078601797, 1519.4684677989223, 1352.75622478351, 1231.811088014124, 1089.5534303337636, 1126.0979384940897, 1025.1054936647852, 1017.8774845281991, 1000.1697059765817, 982.0482738137742, 997.0477626098594, 1111.9476389520141, 1156.6300043528304, 1076.3261538056795]"
"(4, 6)",215.55788983258543,"[-0.011905768689410689, 0.024854788430904245, 0.04098073278046557, 0.05837663278716379, 0.044517094934618875, -0.016458772035331696, 0.12142848610349086, -0.19638881208194214, -0.11917203210711674, 1.1455855057542532]","[1899.3711263039654, 1935.5176029921788, 1835.9941420075972, 1753.893203970634, 1503.9891274948643, 1718.9098969491656, 1525.6901981702, 1346.9445994283385, 1221.3635500331516, 1066.5969846758433, 1130.7511049574364, 1029.1431690226227, 1026.1195146028708, 1007.6747807326346, 984.3137135834345, 997.4621680955078, 1103.7105096835403, 1162.075068083327, 1081.585593007744]"
"(4, 7)",219.1412619126325,"[0.009963367982075266, -0.013868670854294678, 0.02470893142435794, 0.04148190059285636, 0.05725662406651771, 0.04474756438277809, -0.015814411353016495, 0.11845920310962338, -0.190557448509803, -0.12548842624088957, 1.1467858221209182]","[1933.790085962153, 1830.1578427084446, 1747.1330224270675, 1500.2392741442686, 1713.8026506078618, 1522.1194095788833, 1347.7736886317919, 1218.852782958245, 1065.5163206470706, 1151.3558595113645, 1024.2491781883464, 1026.493726935251, 1001.6150761422341, 979.8850926719618, 994.3823575173326, 1098.4009977709059, 1167.589313682759, 1077.712925129522]"
"(5, 0)",236.72279163408854,"[-0.022604496093427684, 0.1264286825764785, -0.24613440062797334, 0.021014309348183324, 1.1236326938221946]","[2003.9836196801964, 2034.061465210032, 1896.8449990391807, 1805.2299070255817, 1553.7036429427026, 1614.033041779369, 1449.1125822720228, 1287.9046410149729, 1227.3146725982933, 1161.180130125243, 1197.5329740389027, 1125.1749402535575, 1044.3995860971606, 1008.4890419053598, 1017.0639358267241, 1032.9987860445506, 1153.5028466464312, 1223.6697403672372, 1154.6329299629858]"
"(5, 1)",219.20116126580913,"[0.05081452043811389, -0.06233185613440467, 0.1861922247304061, -0.29375273029405485, 0.09808298888685957, 1.0467661383340983]","[1966.30325894207, 2014.9532921912269, 1865.9426822102207, 1807.2579639002074, 1650.3056250123725, 1563.2645287757357, 1444.6748017179766, 1239.5740626856102, 1199.6577318643558, 1132.2105093404637, 1168.7111288216406, 1149.5947125581451, 1017.2507785709038, 981.9247260234052, 1010.0335109320185, 1016.6742831243262, 1113.410379263954, 1194.298923553604, 1128.0465351419089]"
"(5, 2)",228.04712168978438,"[0.08699997033131769, -0.008321165824662392, 0.0041920131980093985, 0.016152048396272836, -0.06472410540486358, -0.0714597754610524, 1.0808366352114904]","[1953.0664276554407, 1980.8483882503365, 1881.7483491567903, 1777.6305991432912, 1548.9031974868506, 1787.1305437843469, 1372.0794802377936, 1302.926432216832, 1167.6376247858823, 1114.637690257904, 1160.8804226021994, 1080.1827301615385, 1102.052908463555, 971.819556989501, 968.6972194421813, 1025.2595854300976, 1129.5209787698618, 1159.7769415341058, 1114.874108160681]"
"(5, 3)",221.11286864104872,"[0.07575904609132506, 0.050312382089425275, -0.01599706371598921, -0.06613206746300115, 0.18772911399177042, -0.16934306753171544, -0.11984531927023068, 1.1222426344133942]","[1926.3482826164397, 1956.1325740803104, 1852.2073140129548, 1773.2083039711733, 1512.3336964175573, 1742.2880752634915, 1547.1471633057413, 1244.8657100337405, 1202.866574489097, 1088.6013854346388, 1136.9795110471978, 1056.6402010415927, 1049.1946430688738, 1040.0234712125923, 956.9509847555405, 988.6269175152768, 1140.2490828332334, 1165.7175485973698, 1079.4677880212932]"
"(5, 4)",217.59846707892711,"[0.04513061689072147, 0.05946751937827685, 0.04240783863760957, -0.014623357983823687, -0.027192345231487114, 0.15209558491708813, -0.18721811665324173, -0.1311995980998831, 1.1451048889549147]","[1909.8455222187745, 1941.909651706976, 1832.9955492647173, 1765.5505626044971, 1502.3027592964877, 1717.8985722954492, 1528.9528053019033, 1343.6149386940892, 1177.7722773040055, 1100.1661594450222, 1123.7496755699435, 1040.1974265612912, 1030.3611556699357, 1012.1584598638309, 992.3684967040303, 976.9249049242359, 1118.793581165434, 1170.5414902057519, 1075.5724828879474]"
"(5, 5)",212.76871128001065,"[0.02200253538221862, 0.04041071680216613, 0.05960617301627432, 0.04319973919733954, -0.015291183434539567, -0.02043700202458773, 0.14009714362761655, -0.19455539216495338, -0.11675561182577297, 1.1383908624493932]","[1894.9877817096867, 1927.0243946997657, 1824.1127671559743, 1751.1059279550554, 1500.0807533243708, 1714.370989902918, 1526.3246831928539, 1339.6520647825203, 1221.1115204685057, 1088.6525868695542, 1123.3409438843696, 1029.8904396007101, 1019.7855042325755, 1004.6956003565258, 980.7772299010903, 990.9984423022809, 1110.9729729380533, 1158.603723180533, 1075.8509929332624]"
"(5, 6)",215.00348152030807,"[-0.011785764238453683, 0.0244253007875573, 0.04032307019786745, 0.05943522763494548, 0.04372713849978244, -0.015972442147280344, -0.019380599995605603, 0.14733565508237884, -0.20073205943526842, -0.12421699035604329, 1.1472742042972812]","[1897.8013863602982, 1935.6383802446026, 1831.5207115942092, 1756.3005629780514, 1504.61454828357, 1717.5157811979968, 1527.3679161085925, 1340.648365284332, 1223.6924400520443, 1064.6413739571904, 1130.183348873939, 1028.9147022435304, 1025.151644552694, 1010.4567649760186, 984.182999627651, 996.9289930189672, 1104.3848280491916, 1162.9436573885428, 1081.2773737857801]"
"(5, 7)",218.23693092593712,"[0.01160230063695341, -0.014014242196869916, 0.024037498189339482, 0.04057493623776856, 0.058665254720802834, 0.04359791995447212, -0.014977697025375925, -0.029160099375444726, 0.15694537805074665, -0.1961126305340991, -0.13413450360052995, 1.1495262694571133]","[1933.6870428378834, 1822.470028936387, 1749.6452011218025, 1500.5631995510207, 1710.8697554528435, 1524.0533619205667, 1338.4392850579402, 1221.9399593240253, 1062.3900482915603, 1153.89212999641, 1023.0988433259852, 1025.1027327782308, 1004.8061199373028, 978.9606438653099, 993.0730151644357, 1098.5405542432368, 1169.803094042642, 1076.6128793077496]"
"(6, 0)",243.2492443004333,"[0.1952884976875861, -0.275475323405145, 0.16267158917769198, -0.1836754056533974, -0.032402947857258835, 1.1497820486914374]","[2054.2065346036634, 1895.2604358274236, 1852.4383007520955, 1526.6548045718669, 1618.2846941812622, 1443.050539488131, 1294.327300092882, 1265.9437505532019, 1133.500135314351, 1219.5582735664998, 1126.9462963067806, 1052.6118024183302, 1009.7250060740841, 998.5275397410139, 1030.1356291312786, 1153.8975101757003, 1220.6304250927392, 1144.309181886992]"
"(6, 1)",225.93504903751156,"[0.04974616310897259, 0.17391127873548015, -0.28689484484278455, 0.21859541793553725, -0.240141005759173, 0.05054002708281108, 1.0719329210965005]","[2033.9343491906718, 1865.1574730152668, 1849.3367031176563, 1624.2154731376975, 1567.977398063032, 1439.8319596144183, 1245.9974246786926, 1234.8042939535505, 1108.1975945856893, 1189.071629747395, 1150.8664705844828, 1025.0981046490565, 983.6752341488225, 993.774050858322, 1014.6509917231241, 1114.7684051271067, 1192.5612779758362, 1119.5280646289498]"
"(6, 2)",232.8245040084145,"[0.08356772271584237, -0.006605623966343219, 0.09341928693406076, -0.11880729365299708, 0.03875835106687106, -0.041751092064352985, -0.09210934397624418, 1.09279953409878]","[1991.7332252726524, 1880.7544897948237, 1801.3160501034597, 1538.7757307487868, 1781.0219679568706, 1371.8592311586353, 1304.2476355636022, 1187.6308952365548, 1102.4273132389908, 1172.0033952757135, 1083.3646689282637, 1102.9845593352725, 973.0851205800634, 961.4946353963, 1023.6551374876084, 1129.47697207412, 1159.8606947411258, 1110.718351107973]"
"(6, 3)",227.7838074920215,"[0.07807841229739797, 0.04459992839410963, -0.013940114445019747, 0.12502641309160034, -0.23288959674174123, 0.2231889382665552, -0.1417049911078234, -0.14901817304364606, 1.1395167653977092]","[1969.924622833298, 1849.9749587210042, 1804.7683356117836, 1497.6522933480883, 1732.7558659258066, 1552.1959348552125, 1244.869227390891, 1230.6973821378806, 1071.4617493355854, 1151.1304901815656, 1060.1683183287646, 1048.829040066974, 1043.8029046942254, 946.9473104593918, 985.353877504095, 1140.515832434003, 1166.0008218436558, 1072.8188069962835]"
"(6, 4)",223.52572261998554,"[0.04131414329703243, 0.06241264913084604, 0.03918346967817942, -0.013318470438358215, 0.08447615597164167, -0.1432348023000475, 0.17944053889609168, -0.16777408129328167, -0.1495195924618668, 1.154873536237973]","[1952.5778835868223, 1833.0952045147885, 1787.5510183484826, 1493.2925687181373, 1713.3963907426785, 1534.0293182693008, 1335.1668279275011, 1198.741434127549, 1087.6149646821975, 1134.4576822683105, 1044.0467327528772, 1031.6617809050213, 1017.0875361807067, 982.6500725747313, 975.7360264318093, 1120.81021407664, 1170.4082978339939, 1071.4344900454032]"
"(6, 5)",218.9644120777536,"[0.02456118072954789, 0.03566107789888165, 0.0628723394593722, 0.039633506920223605, -0.013840182439016496, 0.09338566282128229, -0.14812797137076728, 0.16993722408636686, -0.17595321815809564, -0.1341519143000779, 1.1485016619505584]","[1937.4829617091561, 1823.1366963541473, 1773.8229748821927, 1490.0258299298434, 1708.6340615481827, 1531.9706870602301, 1329.6188030440012, 1249.4391190430565, 1073.4639728729667, 1135.2019416761955, 1033.146082888194, 1019.862694916779, 1009.3177103121329, 968.7984162250291, 991.4066456425818, 1112.344624628688, 1157.2986864817906, 1071.3762717233378]"
"(6, 6)",220.9083396801982,"[-0.010042354672089228, 0.026435067903577955, 0.03572527247558743, 0.06264368241649523, 0.04023943197689099, -0.014516523823342294, 0.09091876547417937, -0.14375355139527685, 0.17466812710854857, -0.1802165307556166, -0.14096704312075412, 1.1557754790391819]","[1944.3479009889347, 1829.5621058276292, 1777.6757438415325, 1494.0504183777807, 1711.7335713461725, 1532.4835909263038, 1330.9208057224464, 1250.5717803950406, 1053.4522272222575, 1140.670541913138, 1032.1447962057705, 1024.5850810680568, 1014.117079073158, 972.0015637804022, 996.3094672766732, 1106.701671458507, 1160.933948674692, 1076.068750295346]"
"(6, 7)",219.8993641986832,"[0.01159636681772093, -0.012465633168684674, 0.025975539462380508, 0.035988315214005875, 0.061873870593557034, 0.04017622314235168, -0.013586166184747249, 0.09090781247297275, -0.15340338135633194, 0.18379921489609238, -0.17434677334865287, -0.15183634726661982, 1.1581470525047983]","[1942.358895351048, 1820.7191213858387, 1771.1318618142159, 1489.9829690657184, 1705.3883523214215, 1528.9809865113007, 1328.9019067338472, 1248.5701966987233, 1050.846983437624, 1164.435678596019, 1026.239048523403, 1024.7639732493005, 1008.5760798057211, 966.8261190034818, 992.4269537884188, 1100.7570727776679, 1167.773839369792, 1071.4525128263167]"
"(7, 0)",234.12944297432483,"[0.08813230220565538, 0.08559391579889346, -0.28307548698425455, 0.2396151693881521, -0.2242164800502923, -0.05823686485905434, 1.1755256735556705]","[1893.2397790586842, 1851.3345037293927, 1542.0685910089132, 1609.0798369755726, 1442.0837818139912, 1283.0459198749961, 1272.044621149609, 1146.9565487878133, 1207.0088048562843, 1131.997324849503, 1048.3438619218255, 1012.4133792846549, 996.9806444319202, 1019.2798759069232, 1151.405634481863, 1217.8619484249691, 1135.0007580869071]"
"(7, 1)",217.60994307834372,"[0.04937087107945903, 0.07111581702213172, 0.08652898557672506, -0.2972907481147067, 0.2887334756704021, -0.27593585292144035, 0.02441270582614219, 1.0963887211094259]","[1861.8421442177562, 1848.4619030174697, 1635.0723464965788, 1561.2203537594717, 1438.8500283879544, 1235.814067291978, 1240.647352570718, 1118.5837727089013, 1179.1689914777864, 1154.0648522750791, 1021.0764788637664, 985.9444319685377, 992.2048230907475, 1005.6258709943788, 1112.753368807933, 1190.0537427011589, 1110.9365701941424]"
"(7, 2)",227.66020888239095,"[0.08288568868801394, -0.00664500792562446, 0.09564355525686918, -0.026075637509358263, -0.1223887278920143, 0.11162653553613178, -0.08202273036061657, -0.1134723941682472, 1.1171323817415775]","[1881.340466308668, 1800.551473391119, 1556.3719261480414, 1769.402416521437, 1371.7050948471745, 1293.9822216474768, 1194.016014438579, 1118.2345815826661, 1158.8381114865022, 1090.1062291836347, 1099.0629257313087, 976.4821094326322, 960.6131008805257, 1012.4766598263378, 1127.4533032714344, 1158.0659134800449, 1102.6632360644544]"
"(7, 3)",223.90493211643218,"[0.07899188698865346, 0.04273414579258322, -0.013381999910581484, 0.05782194139112069, 0.05650811798917921, -0.2490985813978953, 0.2923919961291246, -0.17821527097637319, -0.17236226067673627, 1.1621504735516508]","[1845.0806331105155, 1804.901515083028, 1506.7401468104158, 1723.344599241975, 1554.4678423042399, 1233.7223321447505, 1237.3139514699167, 1079.095671560794, 1143.1186469471259, 1063.060800135724, 1042.9649561556143, 1046.5751377353845, 945.751725616534, 977.101206970014, 1138.512837257273, 1164.1862955297372, 1064.4944413664996]"
"(7, 4)",220.0803395682127,"[0.04394004914244169, 0.06180420410083814, 0.03749434851688021, -0.01297577934592236, 0.08317647913017716, -0.019986002296482203, -0.14833158185140516, 0.25381603877506037, -0.21110387129644373, -0.17387766673400748, 1.181371911202063]","[1829.6426172386593, 1786.1196098988044, 1507.5156414333542, 1700.8016357639822, 1533.777960206239, 1329.3071824266635, 1203.7377706039874, 1101.3614507379475, 1121.9524542393006, 1048.259367751826, 1025.2907042497459, 1018.6335602278243, 983.8048573453934, 964.6275051432931, 1117.3438832544477, 1168.7094647718675, 1062.467674781837]"
"(7, 5)",216.79305133348143,"[0.020474938968661982, 0.03886734771228009, 0.06258337546276742, 0.03766492018708095, -0.013291039750403681, 0.07014930912737188, 0.004899127221176691, -0.1558256391092116, 0.2419238851201861, -0.21491411725228773, -0.16044821467107312, 1.1743588353310805]","[1820.2511929111934, 1775.0609505091647, 1502.0664322317123, 1698.0295504436517, 1532.8953885312258, 1324.1797945113522, 1246.0388709086108, 1086.8313985809234, 1124.4833899796909, 1038.120753866918, 1015.341482488223, 1012.1380623522798, 971.9119626809771, 978.9443532269554, 1110.5747238557008, 1157.8344396113594, 1062.7527257770275]"
"(7, 6)",218.84351120597748,"[-0.013492892441585025, 0.023116064149811766, 0.03883943815044583, 0.062460517956570066, 0.03831006943487443, -0.014127096683314019, 0.06659206772684412, 0.006666213045249975, -0.1519413023321568, 0.2490368081006017, -0.22079105165199686, -0.1701449631686502, 1.1842375567912637]","[1828.135840702077, 1780.3134717580956, 1506.5905512370525, 1702.306742014511, 1533.997094037356, 1325.4148932833555, 1248.0275099083078, 1058.9834669892753, 1132.3445923359093, 1036.3372162217818, 1021.3231081275935, 1018.5974820644165, 976.0111747102064, 985.8331057816496, 1102.966301200216, 1162.6152762607917, 1068.8850109807402]"
"(7, 7)",218.24926157444713,"[0.006756565300371794, -0.014774688481820876, 0.0227728713754238, 0.0390415108190345, 0.06191527837343783, 0.038365651433545325, -0.013618200632328773, 0.06825766127340202, 0.004265687237584498, -0.15649967609818144, 0.2535948235724419, -0.21707906381038966, -0.1759894156603541, 1.185364183692032]","[1823.32113858716, 1776.4043201485679, 1504.6035725799125, 1698.5502426719295, 1531.7203562704926, 1324.5246682451752, 1246.6048992614083, 1058.196610925354, 1145.8822507231737, 1033.1290448563655, 1021.5829090104058, 1015.2895998913442, 973.0536631541001, 983.3923737887142, 1099.597409823666, 1166.60786828098, 1066.263335028249]"
"(M, N)",Least RMSE %,[Coefficients],[Week numbers],[Actual values],[Predicetd values],intercept
"(4, 5)",0.208143403034381,"[0.029128032569348025, 0.04241466247806934, 0.05800529461349688, 0.043804034655733806, -0.016473799868640525, 0.11033638407801016, -0.17594108387973545, -0.1516338185801316, 1.1641464755517754]","[17, 18, 19, 20, 21, 22, 23, 24, 25, 26, 27, 28, 29, 30, 31, 32, 33, 34, 35, 36]","[1.752, 1.787, 1.715, 1.685, 1.619, 1.543, 1.32, 1.201, 1.024, 1.065, 0.95, 0.856, 0.751, 0.724, 0.79, 0.789, 1.051, 1.105, 1.072, 0.904]","[1.763852117821702, 1.8994015835536369, 1.921339210675246, 1.8251430941704858, 1.745102053960811, 1.494564285008685, 1.7209040078601796, 1.5194684677989223, 1.35275622478351, 1.231811088014124, 1.0895534303337635, 1.1260979384940897, 1.0251054936647852, 1.017877484528199, 1.0001697059765817, 0.9820482738137742, 0.9970477626098594, 1.1119476389520142, 1.1566300043528304, 1.0763261538056794]",507.57976550995113
